序号,借款信息,还款日期,还款金额,实际还款日期,实际还款金额,说明
1,抖音-20250810-1000,20250810,1010.45,20250810,1010.45,一次性还清剩余
2,微信-20250810-3510,20250810,3510.41,20250810,3510.41,一次性还清12期
3,360-20250712-6000,20250812,602.71,,,
4,360-20241114-5000,20250814,401.84,,,
5,极融-20250616-6000,20250816,602.67,,,
6,分期乐-20250317-7000,20250817,703.23,,,
7,360-20240918-5000,20250818,446.84,,,
8,抖音-20250304-3000,20250818,280.27,,,
9,抖音-20250504-2000,20250818,186.83,,,
10,分期乐-20250117-8000,20250818,792.23,,,
11,抖音-20250620-3500,20250820,649.14,,,
12,金条-20250323-5000,20250823,467.29,,,
13,分期乐-20250504-3000,20250825,301.38,,,
14,分期乐-20250609-5000,20250825,484.49,,,
15,分期乐-20250617-5000,20250825,544.45,,,
16,金条-20250425-5000,20250825,467.29,,,
17,360-20250601-4000,20250901,536.33,,,
18,360-20250701-5000,20250901,546.59,,,
19,京东白条-20250502-9000,20250902,896.49,,,
20,360-20250114-5000,20250904,448.52,,,
21,借呗-20240824-5000,20250904,458.22,,,
22,借呗-20240918-2000,20250904,180.77,,,
23,借呗-20241225-2000,20250904,169.29,,,
24,美团-20241024-1000,20250905,94.27,,,
25,美团-20241224-3500,20250905,329.94,,,
26,美团-20250414-1500,20250905,141.80,,,
27,美团-20250624-2000,20250905,190.50,,,
28,美团-20250705-1000,20250905,94.59,,,
29,360-20250712-6000,20250912,602.71,,,
30,360-20241114-5000,20250914,401.84,,,
31,极融-20250616-6000,20250916,602.67,,,
32,分期乐-20250317-7000,20250917,703.23,,,
33,360-20240918-5000,20250918,446.84,,,
34,抖音-20250304-3000,20250918,280.27,,,
35,抖音-20250504-2000,20250918,186.83,,,
36,分期乐-20250117-8000,20250918,792.23,,,
37,抖音-20250620-3500,20250920,538.44,,,
38,金条-20250323-5000,20250923,467.29,,,
39,分期乐-20250504-3000,20250925,301.38,,,
40,分期乐-20250609-5000,20250925,484.49,,,
41,分期乐-20250617-5000,20250925,534.46,,,
42,金条-20250425-5000,20250925,467.29,,,
43,360-20250601-4000,20251001,522.97,,,
44,360-20250701-5000,20251001,532.94,,,
45,京东白条-20250502-9000,20251003,896.49,,,
46,360-20250114-5000,20251004,478.13,,,
47,借呗-20241225-2000,20251004,169.29,,,
48,美团-20241024-1000,20251005,94.27,,,
49,美团-20241224-3500,20251005,329.94,,,
序号,借款信息,还款日期,还款金额,实际还款日期,实际还款金额,说明
50,美团-20250414-1500,20251005,141.80,,,
51,美团-20250624-2000,20251005,190.50,,,
52,美团-20250705-1000,20251005,94.59,,,
53,360-20250712-6000,20251012,602.71,,,
54,360-20241114-5000,20251014,401.84,,,
55,极融-20250616-6000,20251016,602.67,,,
56,分期乐-20250317-7000,20251017,703.23,,,
57,抖音-20250304-3000,20251018,280.27,,,
58,抖音-20250504-2000,20251018,186.83,,,
59,分期乐-20250117-8000,20251018,792.23,,,
60,抖音-20250620-3500,20251020,495.49,,,
61,金条-20250323-5000,20251023,467.29,,,
62,分期乐-20250504-3000,20251025,301.38,,,
63,分期乐-20250609-5000,20251025,484.49,,,
64,分期乐-20250617-5000,20251025,524.41,,,
65,金条-20250425-5000,20251025,467.29,,,
66,360-20250601-4000,20251101,515.68,,,
67,360-20250701-5000,20251101,526.05,,,
68,京东白条-20250502-9000,20251102,896.49,,,
69,360-20250114-5000,20251104,471.07,,,
70,借呗-20241225-2000,20251104,169.29,,,
71,美团-20241024-1000,20251105,94.27,,,
72,美团-20241224-3500,20251105,329.94,,,
73,美团-20250414-1500,20251105,141.80,,,
74,美团-20250624-2000,20251105,190.50,,,
75,美团-20250705-1000,20251105,94.59,,,
76,360-20250712-6000,20251112,602.71,,,
77,360-20241114-5000,20251114,401.84,,,
78,极融-20250616-6000,20251116,602.67,,,
79,分期乐-20250317-7000,20251117,703.23,,,
80,抖音-20250304-3000,20251118,280.27,,,
81,抖音-20250504-2000,20251118,186.83,,,
82,分期乐-20250117-8000,20251118,792.23,,,
83,抖音-20250620-3500,20251120,463.02,,,
84,金条-20250323-5000,20251123,467.29,,,
85,分期乐-20250504-3000,20251125,301.38,,,
86,分期乐-20250609-5000,20251125,484.49,,,
87,分期乐-20250617-5000,20251125,514.30,,,
88,金条-20250425-5000,20251125,467.29,,,
89,360-20250601-4000,20251201,502.88,,,
90,360-20250701-5000,20251201,512.96,,,
91,京东白条-20250502-9000,20251203,896.49,,,
92,360-20250114-5000,20251204,461.36,,,
93,借呗-20241225-2000,20251204,169.29,,,
94,美团-20241224-3500,20251205,329.94,,,
95,美团-20250414-1500,20251205,141.80,,,
96,美团-20250624-2000,20251205,190.50,,,
97,美团-20250705-1000,20251205,94.59,,,
98,360-20250712-6000,20251212,602.71,,,
序号,借款信息,还款日期,还款金额,实际还款日期,实际还款金额,说明
99,极融-20250616-6000,20251216,602.67,,,
100,分期乐-20250317-7000,20251217,703.23,,,
101,抖音-20250304-3000,20251218,280.27,,,
102,抖音-20250504-2000,20251218,186.83,,,
103,分期乐-20250117-8000,20251218,792.23,,,
104,抖音-20250620-3500,20251220,440.51,,,
105,金条-20250323-5000,20251223,467.29,,,
106,分期乐-20250504-3000,20251225,301.38,,,
107,分期乐-20250609-5000,20251225,484.49,,,
108,分期乐-20250617-5000,20251225,504.14,,,
109,金条-20250425-5000,20251225,467.29,,,
110,360-20250601-4000,20260101,494.81,,,
111,360-20250701-5000,20260101,505.29,,,
112,京东白条-20250502-9000,20260102,863.79,,,
113,360-20250114-5000,20260104,453.32,,,
114,借呗-20241225-2000,20260104,169.28,,,
115,美团-20241224-3500,20260105,329.94,,,
116,美团-20250414-1500,20260105,141.80,,,
117,美团-20250624-2000,20260105,190.50,,,
118,美团-20250705-1000,20260105,94.59,,,
119,360-20250712-6000,20260112,602.71,,,
120,极融-20250616-6000,20260116,602.67,,,
121,分期乐-20250317-7000,20260117,703.23,,,
122,抖音-20250304-3000,20260118,280.27,,,
123,抖音-20250504-2000,20260118,186.83,,,
124,分期乐-20250117-8000,20260118,792.17,,,
125,抖音-20250620-3500,20260120,383.24,,,
126,金条-20250323-5000,20260123,467.29,,,
127,分期乐-20250504-3000,20260125,301.38,,,
128,分期乐-20250609-5000,20260125,484.49,,,
129,分期乐-20250617-5000,20260125,493.93,,,
130,金条-20250425-5000,20260125,467.29,,,
131,360-20250601-4000,20260201,484.29,,,
132,360-20250701-5000,20260201,494.83,,,
133,京东白条-20250502-9000,20260202,852.97,,,
134,美团-20250414-1500,20260205,141.80,,,
135,美团-20250624-2000,20260205,190.50,,,
136,美团-20250705-1000,20260205,94.59,,,
137,360-20250712-6000,20260212,602.71,,,
138,极融-20250616-6000,20260216,602.67,,,
139,分期乐-20250317-7000,20260217,703.23,,,
140,抖音-20250304-3000,20260218,280.27,,,
141,抖音-20250504-2000,20260218,186.83,,,
142,抖音-20250620-3500,20260220,331.56,,,
143,金条-20250323-5000,20260223,467.29,,,
144,分期乐-20250504-3000,20260225,301.38,,,
145,分期乐-20250609-5000,20260225,484.49,,,
146,分期乐-20250617-5000,20260225,483.66,,,
147,金条-20250425-5000,20260225,467.29,,,
序号,借款信息,还款日期,还款金额,实际还款日期,实际还款金额,说明
148,360-20250601-4000,20260301,469.57,,,
149,360-20250701-5000,20260301,479.14,,,
150,京东白条-20250502-9000,20260305,582.57,,,
151,美团-20250414-1500,20260305,141.80,,,
152,美团-20250624-2000,20260305,190.50,,,
153,美团-20250705-1000,20260305,94.59,,,
154,360-20250712-6000,20260312,602.71,,,
155,极融-20250616-6000,20260316,602.67,,,
156,分期乐-20250317-7000,20260317,703.23,,,
157,抖音-20250304-3000,20260318,280.24,,,
158,抖音-20250504-2000,20260318,186.83,,,
159,抖音-20250620-3500,20260320,252.84,,,
160,金条-20250323-5000,20260323,467.29,,,
161,分期乐-20250504-3000,20260325,301.38,,,
162,分期乐-20250609-5000,20260325,484.49,,,
163,分期乐-20250617-5000,20260325,473.34,,,
164,金条-20250425-5000,20260325,467.29,,,
165,360-20250601-4000,20260401,463.08,,,
166,360-20250701-5000,20260401,473.71,,,
167,京东白条-20250502-9000,20260402,554.28,,,
168,美团-20250414-1500,20260405,141.80,,,
169,美团-20250624-2000,20260405,190.50,,,
170,美团-20250705-1000,20260405,94.59,,,
171,360-20250712-6000,20260412,602.71,,,
172,极融-20250616-6000,20260416,602.67,,,
173,抖音-20250504-2000,20260418,186.83,,,
174,抖音-20250620-3500,20260420,171.12,,,
175,分期乐-20250504-3000,20260425,301.38,,,
176,分期乐-20250609-5000,20260425,484.49,,,
177,分期乐-20250617-5000,20260425,462.96,,,
178,金条-20250425-5000,20260425,467.29,,,
179,360-20250601-4000,20260501,451.70,,,
180,360-20250701-5000,20260501,462.05,,,
181,京东白条-20250502-9000,20260503,554.28,,,
182,美团-20250414-1500,20260505,141.74,,,
183,美团-20250624-2000,20260505,190.50,,,
184,美团-20250705-1000,20260505,94.59,,,
185,360-20250712-6000,20260512,602.71,,,
186,抖音-20250504-2000,20260518,186.80,,,
187,抖音-20250620-3500,20260520,106.06,,,
188,分期乐-20250609-5000,20260525,484.49,,,
189,分期乐-20250617-5000,20260525,452.53,,,
190,360-20250601-4000,20260601,444.38,,,
191,360-20250701-5000,20260601,452.41,,,
192,美团-20250624-2000,20260605,190.50,,,
193,美团-20250705-1000,20260605,94.59,,,
194,360-20250712-6000,20260612,602.71,,,
195,抖音-20250620-3500,20260620,50.29,,,
196,分期乐-20250617-5000,20260625,442.02,,,
序号,借款信息,还款日期,还款金额,实际还款日期,实际还款金额,说明
197,360-20250701-5000,20260701,444.43,,,
198,美团-20250624-2000,20260705,190.92,,,
199,美团-20250705-1000,20260705,94.65,,,
200,360-20250712-6000,20260712,630.25,,,
